,ModelPred_series,RandomPred_series,NaivePred_series,btc_LogReturn_binary,btc_LogReturn,model,dataset,feature_selection,DV_shifts,IV_lags,metric
2019-03-04,0.0,0.0,1.0,0,-0.009260943806385313,LGBMC,BlockchainAltcoin,True,3,2,f1
2019-03-05,0.0,1.0,1.0,0,-0.027392166677923768,LGBMC,BlockchainAltcoin,True,3,2,f1
2019-03-06,0.0,0.0,0.0,1,0.010592271830281774,LGBMC,BlockchainAltcoin,True,3,2,f1
2019-03-07,0.0,1.0,0.0,1,0.016188191704966215,LGBMC,BlockchainAltcoin,True,3,2,f1
2019-03-08,1.0,1.0,0.0,1,0.04090966531625817,LGBMC,BlockchainAltcoin,True,3,2,f1
2019-03-09,1.0,1.0,1.0,1,0.0009573934856934585,LGBMC,BlockchainAltcoin,True,3,2,f1
2019-03-10,1.0,1.0,1.0,1,0.01882956131435698,LGBMC,BlockchainAltcoin,True,3,2,f1
2019-03-11,0.0,0.0,1.0,1,0.010579618417224879,LGBMC,BlockchainAltcoin,True,3,2,f1
2019-03-12,1.0,1.0,1.0,1,0.0013223270239279827,LGBMC,BlockchainAltcoin,True,3,2,f1
2019-03-13,1.0,1.0,1.0,0,-0.014799373240109048,LGBMC,BlockchainAltcoin,True,3,2,f1
2019-03-14,1.0,0.0,1.0,0,-0.012910114579900878,LGBMC,BlockchainAltcoin,True,3,2,f1
2019-03-15,1.0,1.0,1.0,1,0.001060721235353057,LGBMC,BlockchainAltcoin,True,3,2,f1
2019-03-16,0.0,1.0,0.0,1,0.011234939736944227,LGBMC,BlockchainAltcoin,True,3,2,f1
2019-03-17,1.0,0.0,0.0,1,0.03500481513233922,LGBMC,BlockchainAltcoin,True,3,2,f1
2019-03-18,1.0,1.0,1.0,1,0.02783945092664375,LGBMC,BlockchainAltcoin,True,3,2,f1
2019-03-19,1.0,1.0,1.0,1,0.015690855314950625,LGBMC,BlockchainAltcoin,True,3,2,f1
2019-03-20,1.0,0.0,1.0,1,0.003270762671588656,LGBMC,BlockchainAltcoin,True,3,2,f1
2019-03-21,1.0,1.0,1.0,1,0.01526853381920823,LGBMC,BlockchainAltcoin,True,3,2,f1
2019-03-22,0.0,1.0,1.0,0,-0.001608885999820231,LGBMC,BlockchainAltcoin,True,3,2,f1
2019-03-23,1.0,0.0,1.0,0,-0.007484309864050687,LGBMC,BlockchainAltcoin,True,3,2,f1
2019-03-24,0.0,1.0,1.0,0,-0.011023218509587096,LGBMC,BlockchainAltcoin,True,3,2,f1
2019-03-25,1.0,0.0,0.0,1,0.0004431397903132961,LGBMC,BlockchainAltcoin,True,3,2,f1
2019-03-26,1.0,1.0,0.0,0,-0.015918289492001136,LGBMC,BlockchainAltcoin,True,3,2,f1
2019-03-27,0.0,0.0,0.0,0,-0.016122615191530798,LGBMC,BlockchainAltcoin,True,3,2,f1
2019-03-28,1.0,1.0,1.0,1,0.01352477288733489,LGBMC,BlockchainAltcoin,True,3,2,f1
2019-03-29,0.0,0.0,0.0,1,0.02545007369709218,LGBMC,BlockchainAltcoin,True,3,2,f1
2019-03-30,1.0,0.0,0.0,1,0.041618893239343535,LGBMC,BlockchainAltcoin,True,3,2,f1
2019-03-31,1.0,1.0,1.0,1,0.016149868149261337,LGBMC,BlockchainAltcoin,True,3,2,f1
2019-04-01,1.0,0.0,1.0,1,0.01883657029917707,LGBMC,BlockchainAltcoin,True,3,2,f1
2019-04-02,1.0,0.0,1.0,1,0.008943141171711133,LGBMC,BlockchainAltcoin,True,3,2,f1
2019-04-03,1.0,1.0,1.0,1,0.17119423162824887,LGBMC,BlockchainAltcoin,True,3,2,f1
2019-04-04,1.0,0.0,1.0,1,0.18689131834374173,LGBMC,BlockchainAltcoin,True,3,2,f1
2019-04-05,1.0,1.0,1.0,1,0.16777147449105811,LGBMC,BlockchainAltcoin,True,3,2,f1
2019-04-06,1.0,0.0,1.0,1,0.029434271498034903,LGBMC,BlockchainAltcoin,True,3,2,f1
2019-04-07,1.0,1.0,1.0,1,0.018713858618861323,LGBMC,BlockchainAltcoin,True,3,2,f1
2019-04-08,0.0,0.0,1.0,1,0.05507878927717513,LGBMC,BlockchainAltcoin,True,3,2,f1
2019-04-09,0.0,0.0,1.0,1,0.04660107515607592,LGBMC,BlockchainAltcoin,True,3,2,f1
2019-04-10,1.0,0.0,1.0,1,0.02390614398004587,LGBMC,BlockchainAltcoin,True,3,2,f1
2019-04-11,0.0,0.0,1.0,1,0.023005193925108358,LGBMC,BlockchainAltcoin,True,3,2,f1
2019-04-12,0.0,0.0,1.0,0,-0.04535924499605848,LGBMC,BlockchainAltcoin,True,3,2,f1
2019-04-13,0.0,1.0,1.0,0,-0.020089138189561595,LGBMC,BlockchainAltcoin,True,3,2,f1
2019-04-14,0.0,1.0,1.0,0,-0.04733749389198749,LGBMC,BlockchainAltcoin,True,3,2,f1
2019-04-15,1.0,1.0,0.0,1,0.02306194834156905,LGBMC,BlockchainAltcoin,True,3,2,f1
2019-04-16,1.0,0.0,0.0,0,-0.007253496582853458,LGBMC,BlockchainAltcoin,True,3,2,f1
2019-04-17,1.0,1.0,0.0,1,0.02573006146606538,LGBMC,BlockchainAltcoin,True,3,2,f1
2019-04-18,1.0,1.0,1.0,1,0.01308178364563517,LGBMC,BlockchainAltcoin,True,3,2,f1
2019-04-19,1.0,0.0,0.0,1,0.04657009651552535,LGBMC,BlockchainAltcoin,True,3,2,f1
2019-04-20,1.0,0.0,1.0,1,0.015348216318235686,LGBMC,BlockchainAltcoin,True,3,2,f1
2019-04-21,0.0,0.0,1.0,1,0.01688474499313486,LGBMC,BlockchainAltcoin,True,3,2,f1
2019-04-22,0.0,0.0,1.0,1,0.0010454407806630428,LGBMC,BlockchainAltcoin,True,3,2,f1
2019-04-23,0.0,0.0,1.0,1,0.018797069660562826,LGBMC,BlockchainAltcoin,True,3,2,f1
2019-04-24,0.0,0.0,1.0,1,0.0385811102359046,LGBMC,BlockchainAltcoin,True,3,2,f1
2019-04-25,0.0,0.0,1.0,1,0.028432539585708128,LGBMC,BlockchainAltcoin,True,3,2,f1
2019-04-26,0.0,1.0,1.0,0,-0.03434539642503864,LGBMC,BlockchainAltcoin,True,3,2,f1
2019-04-27,0.0,1.0,1.0,0,-0.04168368333172978,LGBMC,BlockchainAltcoin,True,3,2,f1
2019-04-28,1.0,0.0,1.0,0,-0.028743027451724856,LGBMC,BlockchainAltcoin,True,3,2,f1
2019-04-29,1.0,1.0,0.0,1,0.02013231279583927,LGBMC,BlockchainAltcoin,True,3,2,f1
2019-04-30,0.0,0.0,0.0,0,-0.0060973256919218954,LGBMC,BlockchainAltcoin,True,3,2,f1
2019-05-01,0.0,1.0,0.0,0,-0.001971194670105092,LGBMC,BlockchainAltcoin,True,3,2,f1
2019-05-02,1.0,0.0,1.0,1,0.004775191670933765,LGBMC,BlockchainAltcoin,True,3,2,f1
2019-05-03,1.0,0.0,0.0,1,0.024315909351217968,LGBMC,BlockchainAltcoin,True,3,2,f1
2019-05-04,1.0,0.0,0.0,1,0.07091495985699225,LGBMC,BlockchainAltcoin,True,3,2,f1
2019-05-05,1.0,0.0,1.0,1,0.08011850644645513,LGBMC,BlockchainAltcoin,True,3,2,f1
2019-05-06,1.0,1.0,1.0,1,0.05897393708903387,LGBMC,BlockchainAltcoin,True,3,2,f1
2019-05-07,1.0,1.0,1.0,1,0.004818581188990478,LGBMC,BlockchainAltcoin,True,3,2,f1
2019-05-08,1.0,0.0,1.0,0,-0.002664632761144148,LGBMC,BlockchainAltcoin,True,3,2,f1
2019-05-09,1.0,0.0,1.0,1,0.0375907090929708,LGBMC,BlockchainAltcoin,True,3,2,f1
2019-05-10,1.0,1.0,1.0,1,0.078198389174295,LGBMC,BlockchainAltcoin,True,3,2,f1
2019-05-11,0.0,0.0,0.0,1,0.09793260221743871,LGBMC,BlockchainAltcoin,True,3,2,f1
2019-05-12,1.0,0.0,1.0,1,0.19958107061770214,LGBMC,BlockchainAltcoin,True,3,2,f1
2019-05-13,1.0,0.0,1.0,1,0.12688372011104931,LGBMC,BlockchainAltcoin,True,3,2,f1
2019-05-14,1.0,0.0,1.0,1,0.20890952165265908,LGBMC,BlockchainAltcoin,True,3,2,f1
2019-05-15,1.0,1.0,1.0,1,0.09774618852928008,LGBMC,BlockchainAltcoin,True,3,2,f1
2019-05-16,1.0,1.0,1.0,1,0.16210119834504333,LGBMC,BlockchainAltcoin,True,3,2,f1
2019-05-17,1.0,0.0,1.0,1,0.008000770827733206,LGBMC,BlockchainAltcoin,True,3,2,f1
2019-05-18,1.0,1.0,1.0,0,-0.08215514338732532,LGBMC,BlockchainAltcoin,True,3,2,f1
2019-05-19,0.0,0.0,1.0,0,-0.12188428997773393,LGBMC,BlockchainAltcoin,True,3,2,f1
2019-05-20,0.0,0.0,1.0,1,0.03827684107197804,LGBMC,BlockchainAltcoin,True,3,2,f1
2019-05-21,1.0,1.0,0.0,1,0.08394745119408498,LGBMC,BlockchainAltcoin,True,3,2,f1
2019-05-22,0.0,1.0,0.0,1,0.09039926821568223,LGBMC,BlockchainAltcoin,True,3,2,f1
2019-05-23,0.0,1.0,1.0,0,-0.071802198618661,LGBMC,BlockchainAltcoin,True,3,2,f1
2019-05-24,0.0,0.0,1.0,0,-0.01595319220440139,LGBMC,BlockchainAltcoin,True,3,2,f1
2019-05-25,0.0,1.0,1.0,1,0.006361816595743974,LGBMC,BlockchainAltcoin,True,3,2,f1
2019-05-26,1.0,0.0,0.0,1,0.056771624543600296,LGBMC,BlockchainAltcoin,True,3,2,f1
2019-05-27,1.0,1.0,0.0,1,0.1040385387062912,LGBMC,BlockchainAltcoin,True,3,2,f1
2019-05-28,1.0,0.0,1.0,1,0.0914837657189409,LGBMC,BlockchainAltcoin,True,3,2,f1
2019-05-29,1.0,0.0,1.0,1,0.07726312049721962,LGBMC,BlockchainAltcoin,True,3,2,f1
2019-05-30,1.0,0.0,1.0,0,-0.009355933468098598,LGBMC,BlockchainAltcoin,True,3,2,f1
2019-05-31,1.0,1.0,1.0,0,-0.058404864446130134,LGBMC,BlockchainAltcoin,True,3,2,f1
2019-06-01,0.0,1.0,1.0,0,-0.019226452397097304,LGBMC,BlockchainAltcoin,True,3,2,f1
2019-06-02,1.0,1.0,0.0,0,-0.012564785755559527,LGBMC,BlockchainAltcoin,True,3,2,f1
2019-06-03,1.0,0.0,0.0,1,0.05486082093099931,LGBMC,BlockchainAltcoin,True,3,2,f1
2019-06-04,1.0,0.0,0.0,0,-0.050204872006936796,LGBMC,BlockchainAltcoin,True,3,2,f1
2019-06-05,0.0,1.0,0.0,0,-0.1084066218746429,LGBMC,BlockchainAltcoin,True,3,2,f1
2019-06-06,0.0,1.0,1.0,0,-0.1154528088077722,LGBMC,BlockchainAltcoin,True,3,2,f1
2019-06-07,0.0,0.0,0.0,0,-0.04162293146404572,LGBMC,BlockchainAltcoin,True,3,2,f1
2019-06-08,1.0,0.0,0.0,1,0.04114999407808284,LGBMC,BlockchainAltcoin,True,3,2,f1
2019-06-09,1.0,1.0,0.0,1,0.01848726073778728,LGBMC,BlockchainAltcoin,True,3,2,f1
2019-06-10,1.0,1.0,0.0,0,-0.021057580430532852,LGBMC,BlockchainAltcoin,True,3,2,f1
2019-06-11,0.0,1.0,1.0,1,0.0027576891602247855,LGBMC,BlockchainAltcoin,True,3,2,f1
2019-06-12,1.0,1.0,1.0,0,-0.0017361772637052297,LGBMC,BlockchainAltcoin,True,3,2,f1
2019-06-13,1.0,1.0,0.0,1,0.06735741150094121,LGBMC,BlockchainAltcoin,True,3,2,f1
2019-06-14,1.0,0.0,1.0,1,0.026753935451459654,LGBMC,BlockchainAltcoin,True,3,2,f1
2019-06-15,1.0,0.0,0.0,1,0.0934902464756533,LGBMC,BlockchainAltcoin,True,3,2,f1
2019-06-16,1.0,0.0,1.0,1,0.08063408515150172,LGBMC,BlockchainAltcoin,True,3,2,f1
2019-06-17,1.0,1.0,1.0,1,0.08613435637473721,LGBMC,BlockchainAltcoin,True,3,2,f1
2019-06-18,1.0,1.0,1.0,1,0.07036994296240984,LGBMC,BlockchainAltcoin,True,3,2,f1
2019-06-19,1.0,1.0,1.0,1,0.024163761074202483,LGBMC,BlockchainAltcoin,True,3,2,f1
2019-06-20,1.0,0.0,1.0,1,0.033153684028986774,LGBMC,BlockchainAltcoin,True,3,2,f1
2019-06-21,0.0,1.0,1.0,1,0.021619190724342374,LGBMC,BlockchainAltcoin,True,3,2,f1
2019-06-22,1.0,0.0,1.0,1,0.11764127820901393,LGBMC,BlockchainAltcoin,True,3,2,f1
2019-06-23,1.0,1.0,1.0,1,0.13924893529214089,LGBMC,BlockchainAltcoin,True,3,2,f1
2019-06-24,1.0,0.0,1.0,1,0.12628716423725095,LGBMC,BlockchainAltcoin,True,3,2,f1
2019-06-25,1.0,0.0,1.0,1,0.07617082841036726,LGBMC,BlockchainAltcoin,True,3,2,f1
2019-06-26,1.0,0.0,1.0,1,0.09793160822645319,LGBMC,BlockchainAltcoin,True,3,2,f1
2019-06-27,1.0,0.0,1.0,1,0.17884626917631508,LGBMC,BlockchainAltcoin,True,3,2,f1
2019-06-28,0.0,0.0,1.0,1,0.010414339115719429,LGBMC,BlockchainAltcoin,True,3,2,f1
2019-06-29,0.0,1.0,1.0,1,0.050373594607762584,LGBMC,BlockchainAltcoin,True,3,2,f1
2019-06-30,1.0,0.0,1.0,0,-0.08401094251105867,LGBMC,BlockchainAltcoin,True,3,2,f1
2019-07-01,1.0,0.0,1.0,0,-0.0361331848691524,LGBMC,BlockchainAltcoin,True,3,2,f1
2019-07-02,0.0,1.0,1.0,0,-0.15676762983149395,LGBMC,BlockchainAltcoin,True,3,2,f1
2019-07-03,0.0,1.0,0.0,0,-0.09567521667794487,LGBMC,BlockchainAltcoin,True,3,2,f1
2019-07-04,1.0,0.0,0.0,1,0.1098624459206956,LGBMC,BlockchainAltcoin,True,3,2,f1
2019-07-05,1.0,1.0,0.0,1,0.053530499534369724,LGBMC,BlockchainAltcoin,True,3,2,f1
2019-07-06,0.0,1.0,0.0,1,0.013763303955110828,LGBMC,BlockchainAltcoin,True,3,2,f1
2019-07-07,1.0,1.0,1.0,0,-0.06485984288531732,LGBMC,BlockchainAltcoin,True,3,2,f1
2019-07-08,1.0,1.0,1.0,1,0.027963570331751342,LGBMC,BlockchainAltcoin,True,3,2,f1
2019-07-09,1.0,1.0,1.0,1,0.11684146797414918,LGBMC,BlockchainAltcoin,True,3,2,f1
2019-07-10,1.0,0.0,0.0,1,0.11386706649763134,LGBMC,BlockchainAltcoin,True,3,2,f1
2019-07-11,1.0,1.0,1.0,1,0.052846799084203866,LGBMC,BlockchainAltcoin,True,3,2,f1
2019-07-12,0.0,1.0,1.0,0,-0.08118466816473813,LGBMC,BlockchainAltcoin,True,3,2,f1
2019-07-13,0.0,1.0,1.0,0,-0.06420587284906354,LGBMC,BlockchainAltcoin,True,3,2,f1
2019-07-14,0.0,1.0,1.0,0,-0.06053527295011207,LGBMC,BlockchainAltcoin,True,3,2,f1
2019-07-15,1.0,0.0,0.0,0,-0.10835202405180056,LGBMC,BlockchainAltcoin,True,3,2,f1
2019-07-16,0.0,1.0,0.0,0,-0.08210003033190816,LGBMC,BlockchainAltcoin,True,3,2,f1
2019-07-17,0.0,1.0,0.0,0,-0.19217104726061862,LGBMC,BlockchainAltcoin,True,3,2,f1
2019-07-18,1.0,0.0,0.0,0,-0.05163245185628185,LGBMC,BlockchainAltcoin,True,3,2,f1
2019-07-19,0.0,0.0,0.0,0,-0.02184146923131358,LGBMC,BlockchainAltcoin,True,3,2,f1
2019-07-20,1.0,1.0,0.0,1,0.11429563662654729,LGBMC,BlockchainAltcoin,True,3,2,f1
2019-07-21,1.0,0.0,0.0,1,0.10680955252924029,LGBMC,BlockchainAltcoin,True,3,2,f1
2019-07-22,1.0,0.0,0.0,0,-0.0048191229770946364,LGBMC,BlockchainAltcoin,True,3,2,f1
2019-07-23,1.0,0.0,1.0,0,-0.02033781212200836,LGBMC,BlockchainAltcoin,True,3,2,f1
2019-07-24,1.0,1.0,1.0,0,-0.08938954764699858,LGBMC,BlockchainAltcoin,True,3,2,f1
2019-07-25,0.0,0.0,0.0,0,-0.08011913062906117,LGBMC,BlockchainAltcoin,True,3,2,f1
2019-07-26,1.0,1.0,0.0,0,-0.04440654951420164,LGBMC,BlockchainAltcoin,True,3,2,f1
2019-07-27,1.0,1.0,0.0,1,0.0004417376099699055,LGBMC,BlockchainAltcoin,True,3,2,f1
2019-07-28,1.0,1.0,0.0,0,-0.030985180509846444,LGBMC,BlockchainAltcoin,True,3,2,f1
2019-07-29,0.0,1.0,0.0,0,-0.03557514082603497,LGBMC,BlockchainAltcoin,True,3,2,f1
2019-07-30,1.0,0.0,1.0,0,-0.035898889865462635,LGBMC,BlockchainAltcoin,True,3,2,f1
2019-07-31,1.0,0.0,0.0,1,0.012078749031783076,LGBMC,BlockchainAltcoin,True,3,2,f1
2019-08-01,1.0,1.0,0.0,1,0.05656893505679683,LGBMC,BlockchainAltcoin,True,3,2,f1
2019-08-02,1.0,1.0,0.0,1,0.09105404297405961,LGBMC,BlockchainAltcoin,True,3,2,f1
2019-08-03,1.0,1.0,1.0,1,0.09354611191000828,LGBMC,BlockchainAltcoin,True,3,2,f1
2019-08-04,1.0,0.0,1.0,1,0.06986818358087632,LGBMC,BlockchainAltcoin,True,3,2,f1
2019-08-05,1.0,0.0,1.0,1,0.053596376998969575,LGBMC,BlockchainAltcoin,True,3,2,f1
2019-08-06,1.0,1.0,1.0,1,0.11288548856050973,LGBMC,BlockchainAltcoin,True,3,2,f1
2019-08-07,1.0,1.0,1.0,1,0.058457803815713305,LGBMC,BlockchainAltcoin,True,3,2,f1
2019-08-08,1.0,1.0,1.0,1,0.08553245919292607,LGBMC,BlockchainAltcoin,True,3,2,f1
2019-08-09,1.0,0.0,1.0,1,0.017524748098036724,LGBMC,BlockchainAltcoin,True,3,2,f1
2019-08-10,1.0,1.0,1.0,1,0.03352781916431091,LGBMC,BlockchainAltcoin,True,3,2,f1
2019-08-11,0.0,0.0,1.0,0,-0.05840324453167156,LGBMC,BlockchainAltcoin,True,3,2,f1
2019-08-12,1.0,1.0,1.0,0,-0.03646195909718841,LGBMC,BlockchainAltcoin,True,3,2,f1
2019-08-13,1.0,0.0,1.0,0,-0.040477198950149784,LGBMC,BlockchainAltcoin,True,3,2,f1
2019-08-14,1.0,1.0,0.0,0,-0.03831138641155718,LGBMC,BlockchainAltcoin,True,3,2,f1
2019-08-15,1.0,0.0,0.0,0,-0.14384935194759407,LGBMC,BlockchainAltcoin,True,3,2,f1
2019-08-16,0.0,1.0,0.0,0,-0.10004357174769929,LGBMC,BlockchainAltcoin,True,3,2,f1
2019-08-17,0.0,0.0,0.0,0,-0.04701057294308697,LGBMC,BlockchainAltcoin,True,3,2,f1
2019-08-18,1.0,1.0,0.0,1,0.019528650390506996,LGBMC,BlockchainAltcoin,True,3,2,f1
2019-08-19,1.0,0.0,0.0,1,0.0014964770608489886,LGBMC,BlockchainAltcoin,True,3,2,f1
2019-08-20,1.0,1.0,0.0,1,0.05244190998940823,LGBMC,BlockchainAltcoin,True,3,2,f1
2019-08-21,1.0,1.0,1.0,1,0.052072393132464256,LGBMC,BlockchainAltcoin,True,3,2,f1
2019-08-22,1.0,0.0,1.0,0,-0.018407287781924353,LGBMC,BlockchainAltcoin,True,3,2,f1
2019-08-23,0.0,1.0,1.0,0,-0.07661686969579584,LGBMC,BlockchainAltcoin,True,3,2,f1
2019-08-24,1.0,1.0,1.0,0,-0.03352012609086863,LGBMC,BlockchainAltcoin,True,3,2,f1
2019-08-25,1.0,0.0,0.0,1,0.001420454784291536,LGBMC,BlockchainAltcoin,True,3,2,f1
2019-08-26,1.0,0.0,0.0,1,0.002279615230635912,LGBMC,BlockchainAltcoin,True,3,2,f1
2019-08-27,0.0,0.0,0.0,0,-0.004384618223665981,LGBMC,BlockchainAltcoin,True,3,2,f1
2019-08-28,1.0,1.0,1.0,1,0.0027709778899787096,LGBMC,BlockchainAltcoin,True,3,2,f1
2019-08-29,1.0,0.0,1.0,0,-0.042035150570271185,LGBMC,BlockchainAltcoin,True,3,2,f1
2019-08-30,0.0,1.0,0.0,0,-0.0883061933229694,LGBMC,BlockchainAltcoin,True,3,2,f1
2019-08-31,0.0,0.0,1.0,0,-0.06016007837862958,LGBMC,BlockchainAltcoin,True,3,2,f1
2019-09-01,1.0,0.0,0.0,0,-0.012103216368378966,LGBMC,BlockchainAltcoin,True,3,2,f1
2019-09-02,1.0,1.0,0.0,1,0.029627734560552454,LGBMC,BlockchainAltcoin,True,3,2,f1
2019-09-03,1.0,1.0,0.0,1,0.08104447937850523,LGBMC,BlockchainAltcoin,True,3,2,f1
2019-09-04,1.0,1.0,0.0,1,0.100993627896381,LGBMC,BlockchainAltcoin,True,3,2,f1
2019-09-05,1.0,1.0,1.0,1,0.08005569764185516,LGBMC,BlockchainAltcoin,True,3,2,f1
2019-09-06,1.0,1.0,1.0,1,0.0182353606189416,LGBMC,BlockchainAltcoin,True,3,2,f1
2019-09-07,0.0,0.0,1.0,0,-0.029019130205433896,LGBMC,BlockchainAltcoin,True,3,2,f1
2019-09-08,0.0,0.0,1.0,0,-0.009201251058154725,LGBMC,BlockchainAltcoin,True,3,2,f1
2019-09-09,1.0,0.0,1.0,0,-0.016343554592337384,LGBMC,BlockchainAltcoin,True,3,2,f1
2019-09-10,1.0,1.0,0.0,0,-0.00036930897477027713,LGBMC,BlockchainAltcoin,True,3,2,f1
2019-09-11,1.0,0.0,0.0,0,-0.03751537539381822,LGBMC,BlockchainAltcoin,True,3,2,f1
2019-09-12,0.0,0.0,0.0,0,-0.024018506137673867,LGBMC,BlockchainAltcoin,True,3,2,f1
2019-09-13,1.0,0.0,0.0,1,0.010272170231608868,LGBMC,BlockchainAltcoin,True,3,2,f1
2019-09-14,1.0,0.0,0.0,1,0.02568870423742986,LGBMC,BlockchainAltcoin,True,3,2,f1
2019-09-15,1.0,1.0,0.0,1,0.01968717730190761,LGBMC,BlockchainAltcoin,True,3,2,f1
2019-09-16,1.0,1.0,1.0,0,-0.010585365803470026,LGBMC,BlockchainAltcoin,True,3,2,f1
2019-09-17,1.0,0.0,1.0,0,-0.009526268111379466,LGBMC,BlockchainAltcoin,True,3,2,f1
2019-09-18,1.0,1.0,1.0,0,-0.016636812509593923,LGBMC,BlockchainAltcoin,True,3,2,f1
2019-09-19,1.0,0.0,0.0,0,-0.014933335709844897,LGBMC,BlockchainAltcoin,True,3,2,f1
2019-09-20,1.0,0.0,0.0,1,0.0009978821389875492,LGBMC,BlockchainAltcoin,True,3,2,f1
2019-09-21,1.0,1.0,0.0,0,-0.0016940442941226763,LGBMC,BlockchainAltcoin,True,3,2,f1
2019-09-22,0.0,0.0,0.0,0,-0.017687465677518333,LGBMC,BlockchainAltcoin,True,3,2,f1
2019-09-23,0.0,1.0,1.0,0,-0.023912402908207397,LGBMC,BlockchainAltcoin,True,3,2,f1
2019-09-24,0.0,1.0,0.0,0,-0.04933197992610694,LGBMC,BlockchainAltcoin,True,3,2,f1
2019-09-25,0.0,1.0,0.0,0,-0.15416186838527146,LGBMC,BlockchainAltcoin,True,3,2,f1
2019-09-26,0.0,1.0,0.0,0,-0.1738044550813811,LGBMC,BlockchainAltcoin,True,3,2,f1
2019-09-27,0.0,0.0,0.0,0,-0.1840176821359094,LGBMC,BlockchainAltcoin,True,3,2,f1
2019-09-28,0.0,1.0,0.0,0,-0.04295830937041423,LGBMC,BlockchainAltcoin,True,3,2,f1
2019-09-29,1.0,1.0,0.0,0,-0.024879984217637485,LGBMC,BlockchainAltcoin,True,3,2,f1
2019-09-30,1.0,1.0,0.0,1,0.0001365240240964738,LGBMC,BlockchainAltcoin,True,3,2,f1
2019-10-01,0.0,0.0,0.0,1,0.013795963263651956,LGBMC,BlockchainAltcoin,True,3,2,f1
2019-10-02,1.0,1.0,0.0,1,0.01183342791291686,LGBMC,BlockchainAltcoin,True,3,2,f1
2019-10-03,1.0,0.0,1.0,1,0.03957630414282853,LGBMC,BlockchainAltcoin,True,3,2,f1
2019-10-04,1.0,0.0,1.0,0,-0.008651134494307655,LGBMC,BlockchainAltcoin,True,3,2,f1
2019-10-05,1.0,1.0,1.0,0,-0.020320594362056354,LGBMC,BlockchainAltcoin,True,3,2,f1
2019-10-06,1.0,0.0,1.0,0,-0.028352246183432683,LGBMC,BlockchainAltcoin,True,3,2,f1
2019-10-07,1.0,1.0,0.0,0,-0.04550475236493057,LGBMC,BlockchainAltcoin,True,3,2,f1
2019-10-08,0.0,0.0,0.0,1,0.006907996559762708,LGBMC,BlockchainAltcoin,True,3,2,f1
2019-10-09,1.0,1.0,0.0,1,0.005178812396460231,LGBMC,BlockchainAltcoin,True,3,2,f1
2019-10-10,1.0,0.0,0.0,1,0.08732091453834911,LGBMC,BlockchainAltcoin,True,3,2,f1
2019-10-11,1.0,1.0,1.0,1,0.044633535875250985,LGBMC,BlockchainAltcoin,True,3,2,f1
2019-10-12,1.0,0.0,1.0,1,0.009686785465016001,LGBMC,BlockchainAltcoin,True,3,2,f1
2019-10-13,0.0,0.0,1.0,0,-0.03313253230518498,LGBMC,BlockchainAltcoin,True,3,2,f1
2019-10-14,0.0,1.0,1.0,0,-0.03593655334964474,LGBMC,BlockchainAltcoin,True,3,2,f1
2019-10-15,1.0,1.0,1.0,1,0.010082327681008252,LGBMC,BlockchainAltcoin,True,3,2,f1
2019-10-16,1.0,0.0,0.0,0,-0.017709119282232066,LGBMC,BlockchainAltcoin,True,3,2,f1
2019-10-17,0.0,1.0,0.0,0,-0.03453748698726322,LGBMC,BlockchainAltcoin,True,3,2,f1
2019-10-18,0.0,1.0,1.0,0,-0.03368802137310922,LGBMC,BlockchainAltcoin,True,3,2,f1
2019-10-19,1.0,0.0,0.0,0,-0.02581183123680475,LGBMC,BlockchainAltcoin,True,3,2,f1
2019-10-20,0.0,0.0,0.0,0,-0.00532055086896932,LGBMC,BlockchainAltcoin,True,3,2,f1
2019-10-21,1.0,1.0,0.0,1,0.018919204828543812,LGBMC,BlockchainAltcoin,True,3,2,f1
2019-10-22,1.0,1.0,0.0,1,0.03317882357336188,LGBMC,BlockchainAltcoin,True,3,2,f1
2019-10-23,1.0,0.0,0.0,1,0.008345890532769573,LGBMC,BlockchainAltcoin,True,3,2,f1
2019-10-24,1.0,0.0,1.0,0,-0.09706632426724937,LGBMC,BlockchainAltcoin,True,3,2,f1
2019-10-25,0.0,0.0,1.0,0,-0.10108493985958411,LGBMC,BlockchainAltcoin,True,3,2,f1
2019-10-26,0.0,1.0,1.0,1,0.07670832121764093,LGBMC,BlockchainAltcoin,True,3,2,f1
2019-10-27,1.0,0.0,0.0,1,0.21482047514729885,LGBMC,BlockchainAltcoin,True,3,2,f1
2019-10-28,1.0,0.0,0.0,1,0.25089368632452924,LGBMC,BlockchainAltcoin,True,3,2,f1
2019-10-29,1.0,1.0,1.0,1,0.061735150522304494,LGBMC,BlockchainAltcoin,True,3,2,f1
2019-10-30,1.0,1.0,1.0,1,0.018566846010514837,LGBMC,BlockchainAltcoin,True,3,2,f1
2019-10-31,1.0,1.0,1.0,0,-0.04134756004865814,LGBMC,BlockchainAltcoin,True,3,2,f1
2019-11-01,1.0,0.0,1.0,0,-0.00770660919719468,LGBMC,BlockchainAltcoin,True,3,2,f1
2019-11-02,1.0,0.0,1.0,0,-0.019302474155052707,LGBMC,BlockchainAltcoin,True,3,2,f1
2019-11-03,1.0,0.0,0.0,1,0.014789253624963195,LGBMC,BlockchainAltcoin,True,3,2,f1
2019-11-04,1.0,0.0,0.0,1,0.006339044572856167,LGBMC,BlockchainAltcoin,True,3,2,f1
2019-11-05,1.0,0.0,0.0,1,0.017679424375307562,LGBMC,BlockchainAltcoin,True,3,2,f1
2019-11-06,1.0,0.0,1.0,1,0.0009681213776691067,LGBMC,BlockchainAltcoin,True,3,2,f1
2019-11-07,1.0,0.0,1.0,1,0.01478937017357751,LGBMC,BlockchainAltcoin,True,3,2,f1
2019-11-08,1.0,0.0,1.0,0,-0.02296134711406239,LGBMC,BlockchainAltcoin,True,3,2,f1
2019-11-09,1.0,0.0,1.0,0,-0.060217667509425254,LGBMC,BlockchainAltcoin,True,3,2,f1
2019-11-10,0.0,1.0,1.0,0,-0.05883683551998331,LGBMC,BlockchainAltcoin,True,3,2,f1
2019-11-11,0.0,0.0,0.0,0,-0.018321698957000976,LGBMC,BlockchainAltcoin,True,3,2,f1
2019-11-12,1.0,0.0,0.0,0,-0.0055164744418103595,LGBMC,BlockchainAltcoin,True,3,2,f1
2019-11-13,1.0,1.0,0.0,0,-0.0008959327639157522,LGBMC,BlockchainAltcoin,True,3,2,f1
2019-11-14,0.0,0.0,0.0,0,-0.030864948458004804,LGBMC,BlockchainAltcoin,True,3,2,f1
2019-11-15,0.0,1.0,0.0,0,-0.009853625083744433,LGBMC,BlockchainAltcoin,True,3,2,f1
2019-11-16,1.0,1.0,0.0,0,-0.03984372883378029,LGBMC,BlockchainAltcoin,True,3,2,f1
2019-11-17,1.0,1.0,0.0,0,-0.03243956431836814,LGBMC,BlockchainAltcoin,True,3,2,f1
2019-11-18,0.0,1.0,0.0,0,-0.014983140273365336,LGBMC,BlockchainAltcoin,True,3,2,f1
2019-11-19,1.0,1.0,0.0,0,-0.03387020305581068,LGBMC,BlockchainAltcoin,True,3,2,f1
2019-11-20,1.0,1.0,0.0,0,-0.04359487091411829,LGBMC,BlockchainAltcoin,True,3,2,f1
2019-11-21,0.0,0.0,0.0,0,-0.050906411009810526,LGBMC,BlockchainAltcoin,True,3,2,f1
2019-11-22,0.0,1.0,0.0,0,-0.07080105545904125,LGBMC,BlockchainAltcoin,True,3,2,f1
2019-11-23,1.0,1.0,0.0,0,-0.10841183620980921,LGBMC,BlockchainAltcoin,True,3,2,f1
2019-11-24,0.0,0.0,0.0,0,-0.09844233389358514,LGBMC,BlockchainAltcoin,True,3,2,f1
2019-11-25,0.0,0.0,0.0,0,-0.09778499429002352,LGBMC,BlockchainAltcoin,True,3,2,f1
2019-11-26,0.0,0.0,0.0,0,-0.02165343364613115,LGBMC,BlockchainAltcoin,True,3,2,f1
2019-11-27,0.0,1.0,0.0,0,-0.022140830427394675,LGBMC,BlockchainAltcoin,True,3,2,f1
2019-11-28,0.0,1.0,0.0,1,0.0854701565299969,LGBMC,BlockchainAltcoin,True,3,2,f1
2019-11-29,1.0,1.0,0.0,1,0.04130846688329015,LGBMC,BlockchainAltcoin,True,3,2,f1
2019-11-30,1.0,1.0,0.0,1,0.07962872977661917,LGBMC,BlockchainAltcoin,True,3,2,f1
2019-12-01,0.0,0.0,1.0,1,0.004493644669581798,LGBMC,BlockchainAltcoin,True,3,2,f1
2019-12-02,1.0,0.0,1.0,0,-0.0038164769366879625,LGBMC,BlockchainAltcoin,True,3,2,f1
2019-12-03,0.0,1.0,1.0,0,-0.05946116794809875,LGBMC,BlockchainAltcoin,True,3,2,f1
2019-12-04,0.0,1.0,1.0,0,-0.03513304165326758,LGBMC,BlockchainAltcoin,True,3,2,f1
2019-12-05,0.0,1.0,0.0,0,-0.028752030227721548,LGBMC,BlockchainAltcoin,True,3,2,f1
2019-12-06,1.0,0.0,0.0,1,0.011746475040240512,LGBMC,BlockchainAltcoin,True,3,2,f1
2019-12-07,0.0,0.0,0.0,1,0.03373897738660325,LGBMC,BlockchainAltcoin,True,3,2,f1
2019-12-08,1.0,1.0,0.0,1,0.04245355756138913,LGBMC,BlockchainAltcoin,True,3,2,f1
2019-12-09,1.0,1.0,1.0,1,0.01694637735600324,LGBMC,BlockchainAltcoin,True,3,2,f1
2019-12-10,1.0,1.0,1.0,0,-0.028184238821216567,LGBMC,BlockchainAltcoin,True,3,2,f1
2019-12-11,1.0,0.0,1.0,0,-0.0385813613971866,LGBMC,BlockchainAltcoin,True,3,2,f1
2019-12-12,0.0,1.0,1.0,0,-0.04347619165090855,LGBMC,BlockchainAltcoin,True,3,2,f1
2019-12-13,0.0,0.0,0.0,0,-0.020410135984620936,LGBMC,BlockchainAltcoin,True,3,2,f1
2019-12-14,0.0,1.0,0.0,1,0.004298562091500813,LGBMC,BlockchainAltcoin,True,3,2,f1
2019-12-15,1.0,0.0,0.0,0,-0.01885839640032927,LGBMC,BlockchainAltcoin,True,3,2,f1
2019-12-16,1.0,1.0,0.0,0,-0.010910241557478884,LGBMC,BlockchainAltcoin,True,3,2,f1
2019-12-17,0.0,0.0,1.0,0,-0.052700115365537314,LGBMC,BlockchainAltcoin,True,3,2,f1
2019-12-18,1.0,1.0,0.0,0,-0.06662669160021828,LGBMC,BlockchainAltcoin,True,3,2,f1
2019-12-19,0.0,1.0,0.0,1,0.024054063621928634,LGBMC,BlockchainAltcoin,True,3,2,f1
2019-12-20,0.0,0.0,0.0,1,0.038675325498255475,LGBMC,BlockchainAltcoin,True,3,2,f1
2019-12-21,1.0,0.0,0.0,1,0.08379832989906078,LGBMC,BlockchainAltcoin,True,3,2,f1
2019-12-22,1.0,1.0,1.0,0,-0.019556407976107693,LGBMC,BlockchainAltcoin,True,3,2,f1
2019-12-23,1.0,0.0,1.0,1,0.04958311653274272,LGBMC,BlockchainAltcoin,True,3,2,f1
2019-12-24,1.0,0.0,1.0,1,0.018177120000903102,LGBMC,BlockchainAltcoin,True,3,2,f1
2019-12-25,1.0,1.0,0.0,1,0.0149337064474242,LGBMC,BlockchainAltcoin,True,3,2,f1
2019-12-26,1.0,0.0,1.0,0,-0.04374715607563928,LGBMC,BlockchainAltcoin,True,3,2,f1
2019-12-27,0.0,0.0,1.0,0,-0.017589071547115864,LGBMC,BlockchainAltcoin,True,3,2,f1
2019-12-28,0.0,0.0,1.0,0,-0.0009326312602500053,LGBMC,BlockchainAltcoin,True,3,2,f1
2019-12-29,1.0,1.0,0.0,1,0.014949446409522338,LGBMC,BlockchainAltcoin,True,3,2,f1
2019-12-30,1.0,1.0,0.0,1,0.02619312314701716,LGBMC,BlockchainAltcoin,True,3,2,f1
2019-12-31,0.0,1.0,0.0,0,-0.0033638619452318608,LGBMC,BlockchainAltcoin,True,3,2,f1
2020-01-01,1.0,0.0,1.0,0,-0.01834845393108786,LGBMC,BlockchainAltcoin,True,3,2,f1
2020-01-02,1.0,1.0,1.0,0,-0.028798175524491043,LGBMC,BlockchainAltcoin,True,3,2,f1
2020-01-03,0.0,0.0,0.0,0,-0.038868560668836594,LGBMC,BlockchainAltcoin,True,3,2,f1
2020-01-04,1.0,0.0,0.0,1,0.021804506893223774,LGBMC,BlockchainAltcoin,True,3,2,f1
2020-01-05,0.0,1.0,0.0,1,0.023712400832680558,LGBMC,BlockchainAltcoin,True,3,2,f1
2020-01-06,1.0,1.0,0.0,1,0.05698042069577447,LGBMC,BlockchainAltcoin,True,3,2,f1
2020-01-07,1.0,1.0,1.0,1,0.057399338987611515,LGBMC,BlockchainAltcoin,True,3,2,f1
2020-01-08,1.0,0.0,1.0,1,0.10548746554809796,LGBMC,BlockchainAltcoin,True,3,2,f1
2020-01-09,1.0,0.0,1.0,1,0.08983304830066352,LGBMC,BlockchainAltcoin,True,3,2,f1
2020-01-10,1.0,0.0,1.0,1,0.00753317605070869,LGBMC,BlockchainAltcoin,True,3,2,f1
2020-01-11,1.0,1.0,1.0,1,0.002347095920786302,LGBMC,BlockchainAltcoin,True,3,2,f1
2020-01-12,1.0,1.0,1.0,0,-0.0026341127657278918,LGBMC,BlockchainAltcoin,True,3,2,f1
2020-01-13,1.0,1.0,1.0,1,0.04453060944918086,LGBMC,BlockchainAltcoin,True,3,2,f1
2020-01-14,0.0,0.0,1.0,0,-0.009749707414918873,LGBMC,BlockchainAltcoin,True,3,2,f1
2020-01-15,1.0,0.0,0.0,1,0.09742483215281261,LGBMC,BlockchainAltcoin,True,3,2,f1
2020-01-16,0.0,0.0,1.0,1,0.07536528999072267,LGBMC,BlockchainAltcoin,True,3,2,f1
2020-01-17,1.0,1.0,0.0,1,0.07333251916311667,LGBMC,BlockchainAltcoin,True,3,2,f1
2020-01-18,1.0,0.0,1.0,1,0.006528147542882223,LGBMC,BlockchainAltcoin,True,3,2,f1
2020-01-19,1.0,1.0,1.0,1,0.010939514761966862,LGBMC,BlockchainAltcoin,True,3,2,f1
2020-01-20,1.0,0.0,1.0,0,-0.0021426050765445126,LGBMC,BlockchainAltcoin,True,3,2,f1
2020-01-21,1.0,0.0,1.0,0,-0.031250528471550965,LGBMC,BlockchainAltcoin,True,3,2,f1
2020-01-22,0.0,1.0,1.0,0,-0.02138883053830476,LGBMC,BlockchainAltcoin,True,3,2,f1
2020-01-23,1.0,0.0,0.0,0,-0.005116255408514903,LGBMC,BlockchainAltcoin,True,3,2,f1
2020-01-24,1.0,0.0,0.0,0,-0.0280168625437085,LGBMC,BlockchainAltcoin,True,3,2,f1
2020-01-25,1.0,1.0,0.0,0,-0.03429471198822398,LGBMC,BlockchainAltcoin,True,3,2,f1
2020-01-26,0.0,0.0,0.0,0,-0.0390412360997896,LGBMC,BlockchainAltcoin,True,3,2,f1
2020-01-27,0.0,0.0,0.0,1,0.023596777156736692,LGBMC,BlockchainAltcoin,True,3,2,f1
2020-01-28,0.0,0.0,0.0,1,0.053991104242713917,LGBMC,BlockchainAltcoin,True,3,2,f1
2020-01-29,1.0,1.0,0.0,1,0.11962617037001166,LGBMC,BlockchainAltcoin,True,3,2,f1
2020-01-30,1.0,0.0,1.0,1,0.07741761412776427,LGBMC,BlockchainAltcoin,True,3,2,f1
2020-01-31,1.0,1.0,1.0,1,0.06595705902367577,LGBMC,BlockchainAltcoin,True,3,2,f1
2020-02-01,1.0,1.0,1.0,0,-0.0055465901813622764,LGBMC,BlockchainAltcoin,True,3,2,f1
2020-02-02,1.0,0.0,1.0,1,0.010533915914708203,LGBMC,BlockchainAltcoin,True,3,2,f1
2020-02-03,0.0,1.0,1.0,0,-0.019960352208727272,LGBMC,BlockchainAltcoin,True,3,2,f1
2020-02-04,1.0,1.0,0.0,0,-0.00529101763441453,LGBMC,BlockchainAltcoin,True,3,2,f1
2020-02-05,1.0,1.0,1.0,0,-0.023293828681342887,LGBMC,BlockchainAltcoin,True,3,2,f1
2020-02-06,1.0,0.0,0.0,1,0.03173185806869938,LGBMC,BlockchainAltcoin,True,3,2,f1
2020-02-07,1.0,1.0,0.0,1,0.049495008143656705,LGBMC,BlockchainAltcoin,True,3,2,f1
2020-02-08,1.0,1.0,0.0,1,0.0680645200693526,LGBMC,BlockchainAltcoin,True,3,2,f1
2020-02-09,1.0,0.0,1.0,1,0.029936644574545923,LGBMC,BlockchainAltcoin,True,3,2,f1
2020-02-10,1.0,0.0,1.0,1,0.04084388701849484,LGBMC,BlockchainAltcoin,True,3,2,f1
2020-02-11,1.0,0.0,1.0,1,0.004805664971472723,LGBMC,BlockchainAltcoin,True,3,2,f1
2020-02-12,1.0,1.0,1.0,1,0.03649343495444057,LGBMC,BlockchainAltcoin,True,3,2,f1
2020-02-13,1.0,0.0,1.0,1,0.018704450178756105,LGBMC,BlockchainAltcoin,True,3,2,f1
2020-02-14,1.0,0.0,1.0,1,0.03857742471598158,LGBMC,BlockchainAltcoin,True,3,2,f1
2020-02-15,1.0,0.0,1.0,1,0.00902364023374247,LGBMC,BlockchainAltcoin,True,3,2,f1
2020-02-16,1.0,1.0,1.0,0,-0.044441622887031684,LGBMC,BlockchainAltcoin,True,3,2,f1
2020-02-17,1.0,1.0,1.0,0,-0.030203315562784994,LGBMC,BlockchainAltcoin,True,3,2,f1
2020-02-18,0.0,0.0,1.0,0,-0.06623769434902194,LGBMC,BlockchainAltcoin,True,3,2,f1
2020-02-19,0.0,1.0,0.0,1,0.027530237450962503,LGBMC,BlockchainAltcoin,True,3,2,f1
2020-02-20,0.0,0.0,0.0,0,-0.034074454530264475,LGBMC,BlockchainAltcoin,True,3,2,f1
2020-02-21,1.0,0.0,0.0,0,-0.010052490337194797,LGBMC,BlockchainAltcoin,True,3,2,f1
2020-02-22,0.0,0.0,1.0,0,-0.0487107106563478,LGBMC,BlockchainAltcoin,True,3,2,f1
2020-02-23,0.0,0.0,0.0,1,0.006734702922409852,LGBMC,BlockchainAltcoin,True,3,2,f1
2020-02-24,1.0,0.0,0.0,1,0.039042117456649095,LGBMC,BlockchainAltcoin,True,3,2,f1
2020-02-25,1.0,0.0,0.0,0,-0.0033911240497737083,LGBMC,BlockchainAltcoin,True,3,2,f1
2020-02-26,1.0,0.0,1.0,0,-0.037988254424307755,LGBMC,BlockchainAltcoin,True,3,2,f1
2020-02-27,0.0,0.0,1.0,0,-0.12840490206812305,LGBMC,BlockchainAltcoin,True,3,2,f1
2020-02-28,0.0,0.0,0.0,0,-0.09308373547137982,LGBMC,BlockchainAltcoin,True,3,2,f1
2020-02-29,0.0,0.0,0.0,0,-0.06624887056353401,LGBMC,BlockchainAltcoin,True,3,2,f1
2020-03-01,0.0,0.0,0.0,0,-0.029345703030219994,LGBMC,BlockchainAltcoin,True,3,2,f1
2020-03-02,0.0,0.0,0.0,0,-0.0312062362928458,LGBMC,BlockchainAltcoin,True,3,2,f1
2020-03-03,0.0,1.0,0.0,1,0.022746549062091503,LGBMC,BlockchainAltcoin,True,3,2,f1
2020-03-04,0.0,0.0,0.0,1,0.025790774096060787,LGBMC,BlockchainAltcoin,True,3,2,f1
2020-03-05,1.0,1.0,0.0,1,0.025989215325216364,LGBMC,BlockchainAltcoin,True,3,2,f1
2020-03-06,0.0,1.0,1.0,1,0.01719185873598761,LGBMC,BlockchainAltcoin,True,3,2,f1
2020-03-07,0.0,1.0,1.0,1,0.04484280145032393,LGBMC,BlockchainAltcoin,True,3,2,f1
2020-03-08,0.0,0.0,1.0,1,0.01582521348217547,LGBMC,BlockchainAltcoin,True,3,2,f1
2020-03-09,1.0,1.0,1.0,0,-0.12031839434599512,LGBMC,BlockchainAltcoin,True,3,2,f1
2020-03-10,0.0,0.0,1.0,0,-0.14348289043727291,LGBMC,BlockchainAltcoin,True,3,2,f1
2020-03-11,0.0,0.0,1.0,0,-0.12086233786608425,LGBMC,BlockchainAltcoin,True,3,2,f1
2020-03-12,0.0,0.0,0.0,0,-0.012859084077526006,LGBMC,BlockchainAltcoin,True,3,2,f1
2020-03-13,1.0,1.0,0.0,0,-0.49592675705973477,LGBMC,BlockchainAltcoin,True,3,2,f1
2020-03-14,0.0,1.0,0.0,0,-0.34059129786023057,LGBMC,BlockchainAltcoin,True,3,2,f1
2020-03-15,0.0,1.0,0.0,0,-0.4292746943047394,LGBMC,BlockchainAltcoin,True,3,2,f1
2020-03-16,1.0,1.0,0.0,1,0.10189492864359728,LGBMC,BlockchainAltcoin,True,3,2,f1
2020-03-17,0.0,0.0,0.0,0,-0.10966306079685495,LGBMC,BlockchainAltcoin,True,3,2,f1
2020-03-18,1.0,1.0,0.0,1,0.03636204571978041,LGBMC,BlockchainAltcoin,True,3,2,f1
2020-03-19,0.0,1.0,1.0,1,0.011484541231398637,LGBMC,BlockchainAltcoin,True,3,2,f1
2020-03-20,1.0,0.0,0.0,1,0.20904319460624166,LGBMC,BlockchainAltcoin,True,3,2,f1
2020-03-21,1.0,1.0,1.0,1,0.15026072032983073,LGBMC,BlockchainAltcoin,True,3,2,f1
2020-03-22,1.0,0.0,1.0,1,0.1345959717609393,LGBMC,BlockchainAltcoin,True,3,2,f1
2020-03-23,1.0,1.0,1.0,0,-0.06201413941033351,LGBMC,BlockchainAltcoin,True,3,2,f1
2020-03-24,1.0,1.0,1.0,1,0.043322879190331065,LGBMC,BlockchainAltcoin,True,3,2,f1
2020-03-25,0.0,1.0,1.0,1,0.08935335621349694,LGBMC,BlockchainAltcoin,True,3,2,f1
2020-03-26,1.0,0.0,0.0,1,0.1401048646209393,LGBMC,BlockchainAltcoin,True,3,2,f1
2020-03-27,1.0,1.0,1.0,1,0.039437093411647695,LGBMC,BlockchainAltcoin,True,3,2,f1
2020-03-28,1.0,0.0,1.0,0,-0.060812153525287016,LGBMC,BlockchainAltcoin,True,3,2,f1
2020-03-29,1.0,1.0,1.0,0,-0.06753528793097985,LGBMC,BlockchainAltcoin,True,3,2,f1
2020-03-30,0.0,0.0,1.0,0,-0.13907900182676514,LGBMC,BlockchainAltcoin,True,3,2,f1
2020-03-31,0.0,0.0,0.0,1,0.005666722008951908,LGBMC,BlockchainAltcoin,True,3,2,f1
2020-04-01,0.0,0.0,0.0,1,0.02637091866030339,LGBMC,BlockchainAltcoin,True,3,2,f1
2020-04-02,1.0,1.0,0.0,1,0.12255233608677152,LGBMC,BlockchainAltcoin,True,3,2,f1
2020-04-03,1.0,1.0,1.0,1,0.06112795252593273,LGBMC,BlockchainAltcoin,True,3,2,f1
2020-04-04,1.0,1.0,1.0,1,0.047593432050547335,LGBMC,BlockchainAltcoin,True,3,2,f1
2020-04-05,1.0,1.0,1.0,1,0.032356946807082565,LGBMC,BlockchainAltcoin,True,3,2,f1
2020-04-06,1.0,0.0,1.0,0,-0.004661285765250156,LGBMC,BlockchainAltcoin,True,3,2,f1
2020-04-07,1.0,1.0,1.0,1,0.08545489714909138,LGBMC,BlockchainAltcoin,True,3,2,f1
2020-04-08,1.0,0.0,1.0,1,0.04743474760577371,LGBMC,BlockchainAltcoin,True,3,2,f1
2020-04-09,1.0,0.0,0.0,1,0.08313190379903546,LGBMC,BlockchainAltcoin,True,3,2,f1
2020-04-10,0.0,1.0,1.0,0,-0.006764199850520569,LGBMC,BlockchainAltcoin,True,3,2,f1
2020-04-11,1.0,0.0,1.0,0,-0.04720924271027016,LGBMC,BlockchainAltcoin,True,3,2,f1
2020-04-12,0.0,0.0,1.0,0,-0.06643051844702086,LGBMC,BlockchainAltcoin,True,3,2,f1
2020-04-13,0.0,0.0,0.0,0,-0.05325562068986045,LGBMC,BlockchainAltcoin,True,3,2,f1
2020-04-14,0.0,1.0,0.0,0,-0.002269004607084568,LGBMC,BlockchainAltcoin,True,3,2,f1
2020-04-15,0.0,0.0,0.0,0,-0.0028549550649099587,LGBMC,BlockchainAltcoin,True,3,2,f1
2020-04-16,1.0,1.0,0.0,0,-0.04307088278510918,LGBMC,BlockchainAltcoin,True,3,2,f1
2020-04-17,0.0,0.0,0.0,1,0.03644996631778952,LGBMC,BlockchainAltcoin,True,3,2,f1
2020-04-18,1.0,0.0,0.0,1,0.02343077560079898,LGBMC,BlockchainAltcoin,True,3,2,f1
2020-04-19,1.0,1.0,0.0,1,0.09160923164682622,LGBMC,BlockchainAltcoin,True,3,2,f1
2020-04-20,1.0,1.0,1.0,1,0.0024950326436954384,LGBMC,BlockchainAltcoin,True,3,2,f1
2020-04-21,0.0,0.0,1.0,0,-0.028055191116468592,LGBMC,BlockchainAltcoin,True,3,2,f1
2020-04-22,0.0,0.0,1.0,0,-0.05766702548216962,LGBMC,BlockchainAltcoin,True,3,2,f1
2020-04-23,0.0,1.0,1.0,1,0.00013321152678003045,LGBMC,BlockchainAltcoin,True,3,2,f1
2020-04-24,0.0,1.0,0.0,1,0.089076606939539,LGBMC,BlockchainAltcoin,True,3,2,f1
2020-04-25,1.0,1.0,0.0,1,0.09121738506649635,LGBMC,BlockchainAltcoin,True,3,2,f1
2020-04-26,1.0,1.0,1.0,1,0.05702613719273053,LGBMC,BlockchainAltcoin,True,3,2,f1
2020-04-27,1.0,0.0,1.0,1,0.029209784486658563,LGBMC,BlockchainAltcoin,True,3,2,f1
2020-04-28,1.0,1.0,1.0,1,0.037074156922795254,LGBMC,BlockchainAltcoin,True,3,2,f1
2020-04-29,1.0,1.0,1.0,1,0.02818128826312183,LGBMC,BlockchainAltcoin,True,3,2,f1
2020-04-30,1.0,1.0,1.0,1,0.13106496584565974,LGBMC,BlockchainAltcoin,True,3,2,f1
2020-05-01,1.0,1.0,1.0,1,0.10216392263219909,LGBMC,BlockchainAltcoin,True,3,2,f1
2020-05-02,1.0,0.0,1.0,1,0.1278656642338003,LGBMC,BlockchainAltcoin,True,3,2,f1
2020-05-03,1.0,1.0,1.0,1,0.022102519437314783,LGBMC,BlockchainAltcoin,True,3,2,f1
2020-05-04,1.0,0.0,1.0,1,0.03138944837922786,LGBMC,BlockchainAltcoin,True,3,2,f1
2020-05-05,1.0,0.0,1.0,1,0.0069182704932000405,LGBMC,BlockchainAltcoin,True,3,2,f1
2020-05-06,1.0,0.0,1.0,1,0.0063465196766738785,LGBMC,BlockchainAltcoin,True,3,2,f1
2020-05-07,1.0,1.0,1.0,1,0.02952516706108277,LGBMC,BlockchainAltcoin,True,3,2,f1
2020-05-08,1.0,1.0,1.0,1,0.11835137440456656,LGBMC,BlockchainAltcoin,True,3,2,f1
2020-05-09,1.0,1.0,1.0,1,0.08393681596716185,LGBMC,BlockchainAltcoin,True,3,2,f1
2020-05-10,1.0,1.0,1.0,1,0.03814329424142038,LGBMC,BlockchainAltcoin,True,3,2,f1
2020-05-11,1.0,1.0,1.0,0,-0.13325552669361507,LGBMC,BlockchainAltcoin,True,3,2,f1
2020-05-12,1.0,1.0,1.0,0,-0.1308241662830376,LGBMC,BlockchainAltcoin,True,3,2,f1
2020-05-13,1.0,1.0,1.0,0,-0.07776082437552567,LGBMC,BlockchainAltcoin,True,3,2,f1
2020-05-14,1.0,0.0,0.0,1,0.06108177819222682,LGBMC,BlockchainAltcoin,True,3,2,f1
2020-05-15,1.0,0.0,0.0,1,0.12761320977715762,LGBMC,BlockchainAltcoin,True,3,2,f1
2020-05-16,1.0,0.0,0.0,1,0.053992887961655356,LGBMC,BlockchainAltcoin,True,3,2,f1
2020-05-17,1.0,0.0,1.0,1,0.00853450979708903,LGBMC,BlockchainAltcoin,True,3,2,f1
2020-05-18,1.0,1.0,1.0,0,-0.012425583944644103,LGBMC,BlockchainAltcoin,True,3,2,f1
2020-05-19,1.0,0.0,1.0,1,0.043715856800121244,LGBMC,BlockchainAltcoin,True,3,2,f1
2020-05-20,1.0,1.0,1.0,1,0.04173461448635152,LGBMC,BlockchainAltcoin,True,3,2,f1
2020-05-21,1.0,0.0,0.0,0,-0.016550207888908375,LGBMC,BlockchainAltcoin,True,3,2,f1
2020-05-22,1.0,1.0,1.0,0,-0.0705124126387009,LGBMC,BlockchainAltcoin,True,3,2,f1
2020-05-23,1.0,1.0,1.0,0,-0.06528088915653818,LGBMC,BlockchainAltcoin,True,3,2,f1
2020-05-24,1.0,1.0,0.0,0,-0.03556633795261632,LGBMC,BlockchainAltcoin,True,3,2,f1
2020-05-25,1.0,1.0,0.0,0,-0.03674775349440118,LGBMC,BlockchainAltcoin,True,3,2,f1
2020-05-26,1.0,1.0,0.0,0,-0.02962208778965625,LGBMC,BlockchainAltcoin,True,3,2,f1
2020-05-27,1.0,1.0,0.0,0,-0.03723082561462654,LGBMC,BlockchainAltcoin,True,3,2,f1
2020-05-28,1.0,1.0,0.0,1,0.05208125835095245,LGBMC,BlockchainAltcoin,True,3,2,f1
2020-05-29,1.0,0.0,0.0,1,0.07252971750582482,LGBMC,BlockchainAltcoin,True,3,2,f1
2020-05-30,1.0,0.0,0.0,1,0.06385348864596985,LGBMC,BlockchainAltcoin,True,3,2,f1
2020-05-31,1.0,1.0,1.0,1,0.052988321890193646,LGBMC,BlockchainAltcoin,True,3,2,f1
2020-06-01,1.0,0.0,1.0,0,-0.012445717250749055,LGBMC,BlockchainAltcoin,True,3,2,f1
2020-06-02,1.0,1.0,1.0,1,0.07932454313336734,LGBMC,BlockchainAltcoin,True,3,2,f1
2020-06-03,1.0,0.0,1.0,0,-0.017948360873308644,LGBMC,BlockchainAltcoin,True,3,2,f1
2020-06-04,1.0,0.0,0.0,1,0.021684832857006953,LGBMC,BlockchainAltcoin,True,3,2,f1
2020-06-05,1.0,1.0,1.0,0,-0.04097111219062555,LGBMC,BlockchainAltcoin,True,3,2,f1
2020-06-06,1.0,1.0,0.0,1,0.010253168984323935,LGBMC,BlockchainAltcoin,True,3,2,f1
2020-06-07,1.0,1.0,1.0,1,0.0012819141693611869,LGBMC,BlockchainAltcoin,True,3,2,f1
2020-06-08,1.0,0.0,0.0,0,-0.004164624561820318,LGBMC,BlockchainAltcoin,True,3,2,f1
2020-06-09,1.0,0.0,1.0,1,0.01636858654501694,LGBMC,BlockchainAltcoin,True,3,2,f1
2020-06-10,1.0,1.0,1.0,1,0.01076956743698787,LGBMC,BlockchainAltcoin,True,3,2,f1
2020-06-11,1.0,0.0,0.0,1,0.014075979632247382,LGBMC,BlockchainAltcoin,True,3,2,f1
2020-06-12,1.0,1.0,1.0,0,-0.052045696076909564,LGBMC,BlockchainAltcoin,True,3,2,f1
2020-06-13,1.0,1.0,1.0,0,-0.032770831205265694,LGBMC,BlockchainAltcoin,True,3,2,f1
2020-06-14,1.0,1.0,1.0,0,-0.04323659773168487,LGBMC,BlockchainAltcoin,True,3,2,f1
2020-06-15,1.0,0.0,0.0,1,0.004688895820565975,LGBMC,BlockchainAltcoin,True,3,2,f1
2020-06-16,1.0,1.0,0.0,0,-0.0035227503478090227,LGBMC,BlockchainAltcoin,True,3,2,f1
2020-06-17,1.0,0.0,0.0,1,0.0055258935971096435,LGBMC,BlockchainAltcoin,True,3,2,f1
2020-06-18,1.0,1.0,1.0,1,0.013279675300053029,LGBMC,BlockchainAltcoin,True,3,2,f1
2020-06-19,1.0,0.0,0.0,0,-0.004962599365294196,LGBMC,BlockchainAltcoin,True,3,2,f1
2020-06-20,1.0,0.0,1.0,0,-0.023991824296215825,LGBMC,BlockchainAltcoin,True,3,2,f1
2020-06-21,1.0,1.0,1.0,0,-0.010351826021597788,LGBMC,BlockchainAltcoin,True,3,2,f1
2020-06-22,1.0,0.0,0.0,0,-0.010205367353652406,LGBMC,BlockchainAltcoin,True,3,2,f1
2020-06-23,1.0,1.0,0.0,1,0.041255610305418244,LGBMC,BlockchainAltcoin,True,3,2,f1
2020-06-24,1.0,0.0,0.0,1,0.02782552556658402,LGBMC,BlockchainAltcoin,True,3,2,f1
2020-06-25,1.0,1.0,0.0,0,-0.0008834608102556984,LGBMC,BlockchainAltcoin,True,3,2,f1
2020-06-26,0.0,1.0,1.0,0,-0.04765157667067399,LGBMC,BlockchainAltcoin,True,3,2,f1
2020-06-27,0.0,0.0,1.0,0,-0.049753736557722306,LGBMC,BlockchainAltcoin,True,3,2,f1
2020-06-28,0.0,1.0,0.0,0,-0.029795217260451423,LGBMC,BlockchainAltcoin,True,3,2,f1
2020-06-29,0.0,0.0,0.0,0,-0.012343980907834506,LGBMC,BlockchainAltcoin,True,3,2,f1
2020-06-30,0.0,0.0,0.0,1,0.0033693562499692575,LGBMC,BlockchainAltcoin,True,3,2,f1
2020-07-01,1.0,0.0,0.0,1,0.014304386084676324,LGBMC,BlockchainAltcoin,True,3,2,f1
2020-07-02,1.0,1.0,0.0,1,0.01186019450686615,LGBMC,BlockchainAltcoin,True,3,2,f1
2020-07-03,1.0,1.0,1.0,0,-0.010655995964386378,LGBMC,BlockchainAltcoin,True,3,2,f1
2020-07-04,1.0,1.0,1.0,0,-0.006760645442588142,LGBMC,BlockchainAltcoin,True,3,2,f1
2020-07-05,1.0,0.0,1.0,0,-0.011439621009282419,LGBMC,BlockchainAltcoin,True,3,2,f1
2020-07-06,0.0,0.0,0.0,1,0.0001221184583570789,LGBMC,BlockchainAltcoin,True,3,2,f1
2020-07-07,1.0,0.0,0.0,1,0.030017457276079185,LGBMC,BlockchainAltcoin,True,3,2,f1
2020-07-08,1.0,0.0,0.0,1,0.013586193185936679,LGBMC,BlockchainAltcoin,True,3,2,f1
2020-07-09,1.0,0.0,1.0,1,0.03788451206122545,LGBMC,BlockchainAltcoin,True,3,2,f1
2020-07-10,1.0,0.0,1.0,0,-0.011928733433697047,LGBMC,BlockchainAltcoin,True,3,2,f1
2020-07-11,1.0,0.0,1.0,1,0.0033614419515437532,LGBMC,BlockchainAltcoin,True,3,2,f1
2020-07-12,1.0,0.0,1.0,0,-0.02185649400090739,LGBMC,BlockchainAltcoin,True,3,2,f1
2020-07-13,1.0,1.0,0.0,1,0.00624302710585134,LGBMC,BlockchainAltcoin,True,3,2,f1
2020-07-14,1.0,1.0,1.0,0,-0.0053185844139029825,LGBMC,BlockchainAltcoin,True,3,2,f1
2020-07-15,1.0,1.0,0.0,1,0.002007303101793312,LGBMC,BlockchainAltcoin,True,3,2,f1
2020-07-16,0.0,0.0,1.0,0,-0.011074444453072374,LGBMC,BlockchainAltcoin,True,3,2,f1
2020-07-17,1.0,0.0,0.0,0,-0.01166299670894766,LGBMC,BlockchainAltcoin,True,3,2,f1
2020-07-18,0.0,1.0,1.0,0,-0.010899198694954038,LGBMC,BlockchainAltcoin,True,3,2,f1
2020-07-19,0.0,1.0,0.0,0,-0.002046791662083436,LGBMC,BlockchainAltcoin,True,3,2,f1
2020-07-20,0.0,0.0,0.0,1,0.00911948224433523,LGBMC,BlockchainAltcoin,True,3,2,f1
2020-07-21,1.0,0.0,0.0,1,0.001056765196276288,LGBMC,BlockchainAltcoin,True,3,2,f1
2020-07-22,1.0,0.0,0.0,1,0.023475218492110983,LGBMC,BlockchainAltcoin,True,3,2,f1
2020-07-23,1.0,1.0,1.0,1,0.034421545597901115,LGBMC,BlockchainAltcoin,True,3,2,f1
2020-07-24,0.0,0.0,1.0,1,0.047854114260005076,LGBMC,BlockchainAltcoin,True,3,2,f1
2020-07-25,1.0,1.0,1.0,1,0.016744875818524463,LGBMC,BlockchainAltcoin,True,3,2,f1
2020-07-26,1.0,0.0,1.0,1,0.017676033942585434,LGBMC,BlockchainAltcoin,True,3,2,f1
2020-07-27,0.0,0.0,1.0,1,0.03331810685262582,LGBMC,BlockchainAltcoin,True,3,2,f1
2020-07-28,1.0,0.0,1.0,1,0.1450530949966513,LGBMC,BlockchainAltcoin,True,3,2,f1
2020-07-29,1.0,0.0,1.0,1,0.11905282248751092,LGBMC,BlockchainAltcoin,True,3,2,f1
2020-07-30,1.0,1.0,1.0,1,0.1107257663961203,LGBMC,BlockchainAltcoin,True,3,2,f1
2020-07-31,1.0,1.0,1.0,1,0.006546250181106217,LGBMC,BlockchainAltcoin,True,3,2,f1
2020-08-01,0.0,0.0,1.0,1,0.0367119278891348,LGBMC,BlockchainAltcoin,True,3,2,f1
2020-08-02,1.0,0.0,1.0,1,0.06291403408688367,LGBMC,BlockchainAltcoin,True,3,2,f1
2020-08-03,1.0,1.0,1.0,0,-0.003348550304556497,LGBMC,BlockchainAltcoin,True,3,2,f1
2020-08-04,0.0,0.0,1.0,0,-0.008970131134283577,LGBMC,BlockchainAltcoin,True,3,2,f1
2020-08-05,0.0,0.0,1.0,0,-0.05470013719021871,LGBMC,BlockchainAltcoin,True,3,2,f1
2020-08-06,1.0,0.0,0.0,1,0.058931506500613295,LGBMC,BlockchainAltcoin,True,3,2,f1
2020-08-07,0.0,1.0,0.0,1,0.046092204924171654,LGBMC,BlockchainAltcoin,True,3,2,f1
2020-08-08,1.0,0.0,0.0,1,0.03608432063072797,LGBMC,BlockchainAltcoin,True,3,2,f1
2020-08-09,0.0,0.0,1.0,1,0.0014727968961381066,LGBMC,BlockchainAltcoin,True,3,2,f1
2020-08-10,0.0,1.0,1.0,0,-0.007577511853076757,LGBMC,BlockchainAltcoin,True,3,2,f1
2020-08-11,1.0,1.0,1.0,1,0.024462691731311992,LGBMC,BlockchainAltcoin,True,3,2,f1
2020-08-12,1.0,1.0,1.0,0,-0.032398094246207876,LGBMC,BlockchainAltcoin,True,3,2,f1
2020-08-13,0.0,0.0,0.0,0,-0.009540395598518714,LGBMC,BlockchainAltcoin,True,3,2,f1
2020-08-14,0.0,1.0,1.0,0,-0.009766700960293306,LGBMC,BlockchainAltcoin,True,3,2,f1
2020-08-15,1.0,0.0,0.0,1,0.03297403766677043,LGBMC,BlockchainAltcoin,True,3,2,f1
2020-08-16,1.0,0.0,0.0,1,0.025662958541451175,LGBMC,BlockchainAltcoin,True,3,2,f1
2020-08-17,0.0,0.0,0.0,1,0.011529057227505746,LGBMC,BlockchainAltcoin,True,3,2,f1
2020-08-18,1.0,1.0,1.0,1,0.043158990779712525,LGBMC,BlockchainAltcoin,True,3,2,f1
2020-08-19,1.0,1.0,1.0,1,0.008014130240974637,LGBMC,BlockchainAltcoin,True,3,2,f1
2020-08-20,1.0,0.0,1.0,0,-0.015223120525588385,LGBMC,BlockchainAltcoin,True,3,2,f1
2020-08-21,0.0,0.0,1.0,0,-0.035423631468971095,LGBMC,BlockchainAltcoin,True,3,2,f1
2020-08-22,0.0,0.0,1.0,0,-0.03803333396309405,LGBMC,BlockchainAltcoin,True,3,2,f1
2020-08-23,1.0,1.0,0.0,0,-0.004317787150363017,LGBMC,BlockchainAltcoin,True,3,2,f1
2020-08-24,0.0,1.0,0.0,0,-0.01809508558633688,LGBMC,BlockchainAltcoin,True,3,2,f1
2020-08-25,1.0,0.0,0.0,1,0.02070861032373017,LGBMC,BlockchainAltcoin,True,3,2,f1
2020-08-26,1.0,0.0,0.0,0,-0.030062847282064098,LGBMC,BlockchainAltcoin,True,3,2,f1
2020-08-27,1.0,0.0,0.0,0,-0.016058373677442006,LGBMC,BlockchainAltcoin,True,3,2,f1
2020-08-28,0.0,0.0,1.0,0,-0.04005401038129719,LGBMC,BlockchainAltcoin,True,3,2,f1
2020-08-29,0.0,0.0,0.0,1,0.017255714147333734,LGBMC,BlockchainAltcoin,True,3,2,f1
2020-08-30,0.0,0.0,0.0,1,0.0012435184193506643,LGBMC,BlockchainAltcoin,True,3,2,f1
2020-08-31,1.0,0.0,0.0,1,0.03526992579524624,LGBMC,BlockchainAltcoin,True,3,2,f1
2020-09-01,1.0,1.0,1.0,1,0.010762155786803618,LGBMC,BlockchainAltcoin,True,3,2,f1
2020-09-02,1.0,1.0,1.0,1,0.03773781210450977,LGBMC,BlockchainAltcoin,True,3,2,f1
2020-09-03,1.0,0.0,1.0,0,-0.026862483792868375,LGBMC,BlockchainAltcoin,True,3,2,f1
2020-09-04,0.0,0.0,1.0,0,-0.1349524500475745,LGBMC,BlockchainAltcoin,True,3,2,f1
2020-09-05,0.0,0.0,1.0,0,-0.13016613964454216,LGBMC,BlockchainAltcoin,True,3,2,f1
2020-09-06,0.0,1.0,0.0,0,-0.11495704002093454,LGBMC,BlockchainAltcoin,True,3,2,f1
2020-09-07,1.0,0.0,0.0,1,0.006595460124888319,LGBMC,BlockchainAltcoin,True,3,2,f1
2020-09-08,0.0,1.0,0.0,0,-0.009612491550504032,LGBMC,BlockchainAltcoin,True,3,2,f1
2020-09-09,1.0,0.0,0.0,0,-0.003756819191796268,LGBMC,BlockchainAltcoin,True,3,2,f1
2020-09-10,0.0,1.0,1.0,0,-0.0026458709606309583,LGBMC,BlockchainAltcoin,True,3,2,f1
2020-09-11,1.0,0.0,0.0,0,-0.001455430129905011,LGBMC,BlockchainAltcoin,True,3,2,f1
2020-09-12,1.0,0.0,0.0,1,0.026700795135647937,LGBMC,BlockchainAltcoin,True,3,2,f1
2020-09-13,1.0,1.0,0.0,1,0.021146768401345994,LGBMC,BlockchainAltcoin,True,3,2,f1
2020-09-14,1.0,1.0,0.0,0,-0.0021164663409187767,LGBMC,BlockchainAltcoin,True,3,2,f1
2020-09-15,1.0,1.0,1.0,1,0.02650107062479279,LGBMC,BlockchainAltcoin,True,3,2,f1
2020-09-16,1.0,0.0,1.0,1,0.031949504861296774,LGBMC,BlockchainAltcoin,True,3,2,f1
2020-09-17,1.0,0.0,0.0,1,0.05806378606417084,LGBMC,BlockchainAltcoin,True,3,2,f1
2020-09-18,1.0,0.0,1.0,1,0.024908170193903345,LGBMC,BlockchainAltcoin,True,3,2,f1
2020-09-19,1.0,0.0,1.0,1,0.013460053181171716,LGBMC,BlockchainAltcoin,True,3,2,f1
2020-09-20,1.0,1.0,1.0,1,0.012073571239652026,LGBMC,BlockchainAltcoin,True,3,2,f1
2020-09-21,1.0,0.0,1.0,0,-0.002217188318253349,LGBMC,BlockchainAltcoin,True,3,2,f1
2020-09-22,1.0,0.0,1.0,0,-0.04694029032437008,LGBMC,BlockchainAltcoin,True,3,2,f1
2020-09-23,0.0,1.0,1.0,0,-0.05082689897954218,LGBMC,BlockchainAltcoin,True,3,2,f1
2020-09-24,0.0,0.0,0.0,0,-0.06479537644186628,LGBMC,BlockchainAltcoin,True,3,2,f1
2020-09-25,0.0,1.0,0.0,1,0.02853693001205393,LGBMC,BlockchainAltcoin,True,3,2,f1
2020-09-26,0.0,0.0,0.0,1,0.015133802380667305,LGBMC,BlockchainAltcoin,True,3,2,f1
2020-09-27,1.0,0.0,0.0,1,0.04750025913014255,LGBMC,BlockchainAltcoin,True,3,2,f1
2020-09-28,1.0,1.0,1.0,1,0.003887739470778584,LGBMC,BlockchainAltcoin,True,3,2,f1
2020-09-29,1.0,0.0,1.0,0,-4.769214441147085e-05,LGBMC,BlockchainAltcoin,True,3,2,f1
2020-09-30,1.0,1.0,1.0,1,0.0100486588438784,LGBMC,BlockchainAltcoin,True,3,2,f1
2020-10-01,1.0,1.0,1.0,1,0.00034146540953194915,LGBMC,BlockchainAltcoin,True,3,2,f1
2020-10-02,1.0,1.0,0.0,0,-0.0068585681809594234,LGBMC,BlockchainAltcoin,True,3,2,f1
2020-10-03,1.0,0.0,1.0,0,-0.024816077571337303,LGBMC,BlockchainAltcoin,True,3,2,f1
2020-10-04,0.0,0.0,1.0,0,-0.02120399023205266,LGBMC,BlockchainAltcoin,True,3,2,f1
2020-10-05,1.0,0.0,0.0,1,0.0050923579266086705,LGBMC,BlockchainAltcoin,True,3,2,f1
2020-10-06,1.0,0.0,0.0,1,0.01998604362433909,LGBMC,BlockchainAltcoin,True,3,2,f1
2020-10-07,1.0,1.0,0.0,1,0.004912686277581457,LGBMC,BlockchainAltcoin,True,3,2,f1
2020-10-08,1.0,0.0,1.0,0,-0.00024922398713123073,LGBMC,BlockchainAltcoin,True,3,2,f1
2020-10-09,1.0,0.0,1.0,1,0.012410665762363493,LGBMC,BlockchainAltcoin,True,3,2,f1
2020-10-10,1.0,1.0,1.0,1,0.04241269604901454,LGBMC,BlockchainAltcoin,True,3,2,f1
2020-10-11,1.0,1.0,0.0,1,0.05752270338217613,LGBMC,BlockchainAltcoin,True,3,2,f1
2020-10-12,1.0,1.0,1.0,1,0.040657723364381226,LGBMC,BlockchainAltcoin,True,3,2,f1
2020-10-13,1.0,1.0,1.0,1,0.04219561130869742,LGBMC,BlockchainAltcoin,True,3,2,f1
2020-10-14,1.0,0.0,1.0,1,0.011047532157357765,LGBMC,BlockchainAltcoin,True,3,2,f1
2020-10-15,1.0,1.0,1.0,1,0.004797042771615523,LGBMC,BlockchainAltcoin,True,3,2,f1
2020-10-16,1.0,1.0,1.0,0,-0.0031511231818459606,LGBMC,BlockchainAltcoin,True,3,2,f1
2020-10-17,1.0,1.0,1.0,0,-0.008847130425433392,LGBMC,BlockchainAltcoin,True,3,2,f1
2020-10-18,1.0,0.0,1.0,0,-0.005685145420784465,LGBMC,BlockchainAltcoin,True,3,2,f1
2020-10-19,0.0,0.0,0.0,1,0.0003884603851851409,LGBMC,BlockchainAltcoin,True,3,2,f1
2020-10-20,1.0,0.0,0.0,1,0.03730465786583537,LGBMC,BlockchainAltcoin,True,3,2,f1
2020-10-21,1.0,1.0,0.0,1,0.048000174728519696,LGBMC,BlockchainAltcoin,True,3,2,f1
2020-10-22,1.0,1.0,1.0,1,0.10883897552990973,LGBMC,BlockchainAltcoin,True,3,2,f1
2020-10-23,1.0,1.0,1.0,1,0.09964354257258279,LGBMC,BlockchainAltcoin,True,3,2,f1
2020-10-24,1.0,1.0,1.0,1,0.08199032120043448,LGBMC,BlockchainAltcoin,True,3,2,f1
2020-10-25,1.0,0.0,1.0,1,0.022872869209638935,LGBMC,BlockchainAltcoin,True,3,2,f1
2020-10-26,1.0,1.0,1.0,1,0.0035744756838091973,LGBMC,BlockchainAltcoin,True,3,2,f1
2020-10-27,1.0,0.0,1.0,1,0.010133473128812298,LGBMC,BlockchainAltcoin,True,3,2,f1
2020-10-28,1.0,1.0,1.0,1,0.039061897362696385,LGBMC,BlockchainAltcoin,True,3,2,f1
2020-10-29,1.0,0.0,1.0,1,0.01916134312085127,LGBMC,BlockchainAltcoin,True,3,2,f1
2020-10-30,1.0,0.0,1.0,1,0.02881380839251335,LGBMC,BlockchainAltcoin,True,3,2,f1
2020-10-31,1.0,1.0,1.0,0,-0.006374435166010883,LGBMC,BlockchainAltcoin,True,3,2,f1
2020-11-01,1.0,0.0,1.0,1,0.03847667303922542,LGBMC,BlockchainAltcoin,True,3,2,f1
2020-11-02,1.0,0.0,1.0,1,0.022060047669114624,LGBMC,BlockchainAltcoin,True,3,2,f1
2020-11-03,1.0,0.0,0.0,1,0.000770027475342161,LGBMC,BlockchainAltcoin,True,3,2,f1
2020-11-04,1.0,1.0,1.0,1,0.015303706573163822,LGBMC,BlockchainAltcoin,True,3,2,f1
2020-11-05,1.0,0.0,1.0,1,0.028423128517994556,LGBMC,BlockchainAltcoin,True,3,2,f1
2020-11-06,0.0,1.0,1.0,1,0.13846692476819022,LGBMC,BlockchainAltcoin,True,3,2,f1
2020-11-07,1.0,1.0,1.0,1,0.10627158919782076,LGBMC,BlockchainAltcoin,True,3,2,f1
2020-11-08,1.0,1.0,1.0,1,0.047202599855953764,LGBMC,BlockchainAltcoin,True,3,2,f1
2020-11-09,1.0,0.0,1.0,0,-0.006485033178314836,LGBMC,BlockchainAltcoin,True,3,2,f1
2020-11-10,1.0,0.0,1.0,0,-0.017282807960510738,LGBMC,BlockchainAltcoin,True,3,2,f1
2020-11-11,1.0,1.0,1.0,1,0.031648378880065664,LGBMC,BlockchainAltcoin,True,3,2,f1
2020-11-12,1.0,1.0,0.0,1,0.013977231674823898,LGBMC,BlockchainAltcoin,True,3,2,f1
2020-11-13,1.0,0.0,0.0,1,0.061173622646627734,LGBMC,BlockchainAltcoin,True,3,2,f1
2020-11-14,1.0,0.0,1.0,1,0.06460506627540497,LGBMC,BlockchainAltcoin,True,3,2,f1
2020-11-15,1.0,1.0,1.0,1,0.02405143084960848,LGBMC,BlockchainAltcoin,True,3,2,f1
2020-11-16,1.0,1.0,1.0,0,-0.020295294000334252,LGBMC,BlockchainAltcoin,True,3,2,f1
2020-11-17,1.0,0.0,1.0,1,0.023337077926422367,LGBMC,BlockchainAltcoin,True,3,2,f1
2020-11-18,0.0,0.0,1.0,1,0.0941481762965477,LGBMC,BlockchainAltcoin,True,3,2,f1
2020-11-19,1.0,0.0,0.0,1,0.10850819572310755,LGBMC,BlockchainAltcoin,True,3,2,f1
2020-11-20,1.0,1.0,1.0,1,0.06343615842378902,LGBMC,BlockchainAltcoin,True,3,2,f1
2020-11-21,1.0,0.0,1.0,1,0.05543090561699415,LGBMC,BlockchainAltcoin,True,3,2,f1
2020-11-22,1.0,0.0,1.0,1,0.04939607206389596,LGBMC,BlockchainAltcoin,True,3,2,f1
2020-11-23,1.0,1.0,1.0,1,0.03320556087662219,LGBMC,BlockchainAltcoin,True,3,2,f1
2020-11-24,1.0,0.0,1.0,0,-0.01555991268056367,LGBMC,BlockchainAltcoin,True,3,2,f1
2020-11-25,1.0,0.0,1.0,1,0.024966530433227163,LGBMC,BlockchainAltcoin,True,3,2,f1
2020-11-26,1.0,0.0,1.0,1,0.017087883040282748,LGBMC,BlockchainAltcoin,True,3,2,f1
2020-11-27,1.0,0.0,0.0,0,-0.0702053357541974,LGBMC,BlockchainAltcoin,True,3,2,f1
2020-11-28,0.0,0.0,1.0,0,-0.11212283189794015,LGBMC,BlockchainAltcoin,True,3,2,f1
2020-11-29,1.0,0.0,1.0,0,-0.055251970447882215,LGBMC,BlockchainAltcoin,True,3,2,f1
2020-11-30,1.0,1.0,0.0,1,0.0588744804502106,LGBMC,BlockchainAltcoin,True,3,2,f1
2020-12-01,1.0,1.0,0.0,1,0.13975582897237437,LGBMC,BlockchainAltcoin,True,3,2,f1
2020-12-02,1.0,1.0,0.0,1,0.05806113468315033,LGBMC,BlockchainAltcoin,True,3,2,f1
2020-12-03,1.0,1.0,1.0,1,0.05535107181118093,LGBMC,BlockchainAltcoin,True,3,2,f1
2020-12-04,0.0,1.0,1.0,0,-0.013031295103663965,LGBMC,BlockchainAltcoin,True,3,2,f1
2020-12-05,1.0,0.0,1.0,0,-0.006514368022243033,LGBMC,BlockchainAltcoin,True,3,2,f1
2020-12-06,1.0,0.0,1.0,0,-0.0037468751524585286,LGBMC,BlockchainAltcoin,True,3,2,f1
2020-12-07,1.0,0.0,0.0,0,-0.003959401786898908,LGBMC,BlockchainAltcoin,True,3,2,f1
2020-12-08,1.0,1.0,0.0,1,0.026995951735820256,LGBMC,BlockchainAltcoin,True,3,2,f1
2020-12-09,1.0,1.0,0.0,0,-0.044632851502427684,LGBMC,BlockchainAltcoin,True,3,2,f1
2020-12-10,1.0,1.0,0.0,0,-0.04342508207099094,LGBMC,BlockchainAltcoin,True,3,2,f1
2020-12-11,0.0,0.0,1.0,0,-0.04989658076767789,LGBMC,BlockchainAltcoin,True,3,2,f1
2020-12-12,1.0,0.0,0.0,0,-0.01592925941291412,LGBMC,BlockchainAltcoin,True,3,2,f1
2020-12-13,1.0,1.0,0.0,1,0.013345633610615693,LGBMC,BlockchainAltcoin,True,3,2,f1
2020-12-14,1.0,1.0,0.0,1,0.04901361166038498,LGBMC,BlockchainAltcoin,True,3,2,f1
2020-12-15,1.0,1.0,0.0,1,0.0668862776312249,LGBMC,BlockchainAltcoin,True,3,2,f1
2020-12-16,1.0,0.0,1.0,1,0.03327836637013348,LGBMC,BlockchainAltcoin,True,3,2,f1
2020-12-17,1.0,0.0,1.0,1,0.10936761205853607,LGBMC,BlockchainAltcoin,True,3,2,f1
2020-12-18,1.0,1.0,1.0,1,0.16994043763847877,LGBMC,BlockchainAltcoin,True,3,2,f1
2020-12-19,1.0,1.0,1.0,1,0.17470072082231347,LGBMC,BlockchainAltcoin,True,3,2,f1
2020-12-20,1.0,0.0,1.0,1,0.11018262547750624,LGBMC,BlockchainAltcoin,True,3,2,f1
2020-12-21,1.0,1.0,1.0,1,0.02775834006602551,LGBMC,BlockchainAltcoin,True,3,2,f1
2020-12-22,1.0,1.0,1.0,0,-0.017661691206276586,LGBMC,BlockchainAltcoin,True,3,2,f1
2020-12-23,1.0,1.0,1.0,0,-0.0018839800435479503,LGBMC,BlockchainAltcoin,True,3,2,f1
2020-12-24,1.0,1.0,1.0,0,-0.010148987712842228,LGBMC,BlockchainAltcoin,True,3,2,f1
2020-12-25,1.0,0.0,0.0,1,0.04176186522645686,LGBMC,BlockchainAltcoin,True,3,2,f1
2020-12-26,1.0,0.0,0.0,1,0.035806784689043525,LGBMC,BlockchainAltcoin,True,3,2,f1
2020-12-27,1.0,0.0,0.0,1,0.12854415938882724,LGBMC,BlockchainAltcoin,True,3,2,f1
2020-12-28,1.0,1.0,1.0,1,0.10140152093413768,LGBMC,BlockchainAltcoin,True,3,2,f1
2020-12-29,1.0,1.0,1.0,1,0.09064803217485284,LGBMC,BlockchainAltcoin,True,3,2,f1
2020-12-30,1.0,1.0,1.0,1,0.034679528981962804,LGBMC,BlockchainAltcoin,True,3,2,f1
2020-12-31,1.0,1.0,1.0,1,0.09479924896371017,LGBMC,BlockchainAltcoin,True,3,2,f1
2021-01-01,1.0,0.0,1.0,1,0.06949695415672963,LGBMC,BlockchainAltcoin,True,3,2,f1
2021-01-02,1.0,1.0,1.0,1,0.0710993272385867,LGBMC,BlockchainAltcoin,True,3,2,f1
2021-01-03,1.0,0.0,1.0,1,0.1094834653432013,LGBMC,BlockchainAltcoin,True,3,2,f1
2021-01-04,1.0,0.0,1.0,1,0.1298327267175967,LGBMC,BlockchainAltcoin,True,3,2,f1
2021-01-05,1.0,0.0,1.0,1,0.0860451199372072,LGBMC,BlockchainAltcoin,True,3,2,f1
2021-01-06,1.0,0.0,1.0,1,0.055905092854411365,LGBMC,BlockchainAltcoin,True,3,2,f1
2021-01-07,1.0,1.0,1.0,1,0.11060370495292915,LGBMC,BlockchainAltcoin,True,3,2,f1
2021-01-08,1.0,1.0,1.0,1,0.20911130989676252,LGBMC,BlockchainAltcoin,True,3,2,f1
2021-01-09,1.0,0.0,1.0,1,0.17775985315949505,LGBMC,BlockchainAltcoin,True,3,2,f1
2021-01-10,1.0,0.0,1.0,1,0.08773906405810017,LGBMC,BlockchainAltcoin,True,3,2,f1
2021-01-11,1.0,1.0,1.0,0,-0.03206192484319281,LGBMC,BlockchainAltcoin,True,3,2,f1
2021-01-12,1.0,1.0,1.0,0,-0.1346955102497187,LGBMC,BlockchainAltcoin,True,3,2,f1
2021-01-13,1.0,1.0,1.0,0,-0.16816675604589548,LGBMC,BlockchainAltcoin,True,3,2,f1
2021-01-14,1.0,1.0,0.0,0,-0.02239685173046979,LGBMC,BlockchainAltcoin,True,3,2,f1
2021-01-15,1.0,1.0,0.0,1,0.09681633896939346,LGBMC,BlockchainAltcoin,True,3,2,f1
2021-01-16,1.0,1.0,0.0,1,0.07956218514751612,LGBMC,BlockchainAltcoin,True,3,2,f1
2021-01-17,1.0,0.0,0.0,0,-0.036157601571881415,LGBMC,BlockchainAltcoin,True,3,2,f1
2021-01-18,1.0,0.0,1.0,0,-0.08986172238052248,LGBMC,BlockchainAltcoin,True,3,2,f1
2021-01-19,1.0,1.0,1.0,0,-0.005340669817977428,LGBMC,BlockchainAltcoin,True,3,2,f1
2021-01-20,1.0,0.0,0.0,0,-0.00125042794267749,LGBMC,BlockchainAltcoin,True,3,2,f1
2021-01-21,1.0,1.0,0.0,0,-0.007122300991463604,LGBMC,BlockchainAltcoin,True,3,2,f1
2021-01-22,1.0,1.0,0.0,0,-0.17348070201842347,LGBMC,BlockchainAltcoin,True,3,2,f1
2021-01-23,1.0,0.0,0.0,0,-0.08749573025213664,LGBMC,BlockchainAltcoin,True,3,2,f1
2021-01-24,1.0,1.0,0.0,0,-0.10177917715038909,LGBMC,BlockchainAltcoin,True,3,2,f1
2021-01-25,1.0,0.0,0.0,1,0.04690260098274024,LGBMC,BlockchainAltcoin,True,3,2,f1
2021-01-26,1.0,1.0,0.0,0,-0.023269937559362575,LGBMC,BlockchainAltcoin,True,3,2,f1
2021-01-27,1.0,0.0,0.0,1,0.013677063200219663,LGBMC,BlockchainAltcoin,True,3,2,f1
2021-01-28,1.0,0.0,1.0,0,-0.05927505142053491,LGBMC,BlockchainAltcoin,True,3,2,f1
2021-01-29,1.0,0.0,0.0,1,0.03534069958436881,LGBMC,BlockchainAltcoin,True,3,2,f1
2021-01-30,1.0,1.0,1.0,1,0.05303400716334927,LGBMC,BlockchainAltcoin,True,3,2,f1
2021-01-31,1.0,1.0,0.0,1,0.12059617525549093,LGBMC,BlockchainAltcoin,True,3,2,f1
2021-02-01,1.0,0.0,1.0,0,-0.008016377966153954,LGBMC,BlockchainAltcoin,True,3,2,f1
2021-02-02,1.0,1.0,1.0,0,-0.023331535898710953,LGBMC,BlockchainAltcoin,True,3,2,f1
2021-02-03,1.0,0.0,1.0,1,0.03469393521211117,LGBMC,BlockchainAltcoin,True,3,2,f1
2021-02-04,1.0,0.0,0.0,1,0.1283920995071579,LGBMC,BlockchainAltcoin,True,3,2,f1
2021-02-05,1.0,1.0,0.0,1,0.09874280537606417,LGBMC,BlockchainAltcoin,True,3,2,f1
2021-02-06,1.0,0.0,1.0,1,0.07452139273328129,LGBMC,BlockchainAltcoin,True,3,2,f1
2021-02-07,1.0,0.0,1.0,1,0.042785167191288664,LGBMC,BlockchainAltcoin,True,3,2,f1
2021-02-08,1.0,0.0,1.0,1,0.050740620266777725,LGBMC,BlockchainAltcoin,True,3,2,f1
2021-02-09,1.0,1.0,1.0,1,0.1916339561841056,LGBMC,BlockchainAltcoin,True,3,2,f1
2021-02-10,1.0,1.0,1.0,1,0.16955674355341444,LGBMC,BlockchainAltcoin,True,3,2,f1
2021-02-11,1.0,0.0,1.0,1,0.1422317243448319,LGBMC,BlockchainAltcoin,True,3,2,f1
2021-02-12,1.0,0.0,1.0,1,0.03494921474591095,LGBMC,BlockchainAltcoin,True,3,2,f1
2021-02-13,1.0,0.0,1.0,1,0.018750114757903447,LGBMC,BlockchainAltcoin,True,3,2,f1
2021-02-14,1.0,0.0,1.0,1,0.050127497752191275,LGBMC,BlockchainAltcoin,True,3,2,f1
2021-02-15,1.0,1.0,1.0,1,0.014617193499825376,LGBMC,BlockchainAltcoin,True,3,2,f1
2021-02-16,1.0,0.0,1.0,1,0.010069746944079583,LGBMC,BlockchainAltcoin,True,3,2,f1
2021-02-17,1.0,0.0,1.0,1,0.04100139532839542,LGBMC,BlockchainAltcoin,True,3,2,f1
2021-02-18,1.0,1.0,1.0,1,0.0674162356732051,LGBMC,BlockchainAltcoin,True,3,2,f1
2021-02-19,1.0,0.0,1.0,1,0.07348074587199349,LGBMC,BlockchainAltcoin,True,3,2,f1
2021-02-20,1.0,0.0,1.0,1,0.12877472983941374,LGBMC,BlockchainAltcoin,True,3,2,f1
2021-02-21,1.0,1.0,1.0,1,0.07185699712964322,LGBMC,BlockchainAltcoin,True,3,2,f1
2021-02-22,1.0,0.0,1.0,1,0.10789220755443019,LGBMC,BlockchainAltcoin,True,3,2,f1
2021-02-23,1.0,1.0,1.0,0,-0.032592289391425666,LGBMC,BlockchainAltcoin,True,3,2,f1
2021-02-24,1.0,0.0,1.0,0,-0.13599340592321063,LGBMC,BlockchainAltcoin,True,3,2,f1
2021-02-25,1.0,0.0,1.0,0,-0.12712907202137913,LGBMC,BlockchainAltcoin,True,3,2,f1
2021-02-26,1.0,1.0,0.0,0,-0.1453715564672251,LGBMC,BlockchainAltcoin,True,3,2,f1
2021-02-27,1.0,1.0,0.0,0,-0.05336378183613277,LGBMC,BlockchainAltcoin,True,3,2,f1
2021-02-28,1.0,0.0,0.0,0,-0.09241630560648773,LGBMC,BlockchainAltcoin,True,3,2,f1
